id_movie,title,id_game
3,The Most ICONIC Moments in EVO History (FGC),1
1,Street Fighter - Justin vs Daigo,1
5,The Top 10 Bad Manner Moments in Esports,1
2,10 Batsh*t Crazy Things That Happened at Gaming Tournaments,1
4,Esports,1
6,Esports,2
7,EVO 2019 Smash Ultimate Grand Finals - TSM | Tweek (Pokemon Trainer) Vs. FOX | MkLeo (Joker),2
8,Things of Beauty: Super Smash Bros. as Spectator Sport,2
9,Smash Ultimate Tournament Grand Finals - Wishes (Inkling) vs Jakal (Pokemon Trainer) - CN:B-Airs 165,2
10,The Story of Leffen: The God Slayer,2
12,MARVEL VS. CAPCOM INFINITE GAMING TOURNAMENT (React: Gaming),3
13,The Story of Justin Wong,3
14,The Man Who Revived This Dead Game From a Basement,3
15,Clutch 2018 - Marvel vs Capcom Infinite - Top 8 Finals [1080p/60fps],3
11,The Most ICONIC Moments in EVO History (FGC),3
20,TEKKEN 7: SPEEDKICKS VS. KIT | LIL MAJIN | Top 8 | CEO 2016,4
18,Tournament Match of The Year | Majin vs. JDCR | TEKKEN 7 @ EVO 2018 (Top 8),4
19,CEO 2017 Tekken 7 Royal Rumble FINAL!!!,4
17,The Man Who Suplexed the Gods of Tekken,4
16,How Rangchu Did The Impossible With One of Tekken's Worst Characters,4
21,Winners Final ▷ Combo Breaker 2018 - Killer Instinct - Amenty (Maya; Shin Hisako) vs Bass (Spinal),5
25,Ultra Combo - Killer Instinct - E3 2013 Gameplay,5
22,Combo Breaker 2019 - Killer Instinct Tournament Top 8 Finals,5
23,Grand Final ▷ Combo Breaker 2018 - Killer Instinct - Amenty (Eagle) vs Sleep (Aria),5
24,Killer Instinct - Exclusive Sadira Trailer,5
29,Finals Tribe Gaming vs Zombie Doom [BO3/2] Clash of Clans ESL Mobile Open Season 4 Finals,6
27,DOOM (1993 ORIGINAL GAME) (Teens React: Retro Gaming),6
28,The Laymen Review Doom Eternal,6
26,WARNING: DOOM BOTS HAVE INVADED THE MACHINES!,6
30,BEASTCOAST vs VICI GAMING [Game 2] BO3 - El Doom Carry De K1 - LEIPZIG MAJOR DreamLeague 13 DOTA 2,6
34,Thorin's Thoughts - Quake Can't Be Number One Again (Quake),7
31,Cooller vs CZM - ESWC 2005 Quake3 Grand Final 1080p Classic,7
32,Rapha vs cooller Quakecon 2017 (1$ Million Tournament Quake Champions),7
35,Quake Champions and eSports,7
33,"Zowie XL2540 240Hz: Monitor ideal para Quake Champions, CSGO, Overwatch y esports",7
38,CS:GO - Counter Strike: Global Offensive (Teens React: Gaming),8
39,The Top 10 AWP Kills in Competitive CS:GO,8
40,Virtus.pro vs. NiP Gaming - Grand Final - EMS One Katowice 2014 - CS:GO,8
37,"CS:GO - BEST PRO MOMENTS! 2018 (Flickshots, Crazy Clutches, Inhuman Reactions, ACEs, Best Frags)",8
36,CS:GO - Fnatic vs. EnVyUS [Dust2] - ESL One Cologne 2015 - Grand Final Map 1,8
42,Call of Duty League 2020 Season | Atlanta FaZe Home Series | Day 2,9
44,Call Of Duty League 2020 Season | Launch Weekend | Day 2,9
45,Call Of Duty League 2020 Season | Chicago Huntsmen Home Series | Day 2,9
41,Call of Duty League | London Royal Ravens Home Series | Day 2,9
43,Call Of Duty League 2020 Season | Atlanta FaZe Home Series | Day 1,9
47,Frantic vs. ScrMz - Reverse - JeeSports Cup - 1/4 Final Duel - Unreal Tournament 2004/UT2004,10
48,Unreal Tournament 4 - ESL Cup FINAL ACo vs Szarkan 12/03/2016 - 3 maps commented by zaccubus & Bleh,10
50,Unreal Tournament esports League (UTel) - 1on1 Cup Final s1 vs. eagle - Deck16,10
46,*aAa*Falcon vs. fnatic.lauke - Semi Final - ESWC 2005 - Duel - Unreal Tournament 2004 / UT2004,10
